[
{"type": "header", "level": 1, "text": "Main Heading (H1)"},
{"type": "paragraph", "text": "This is a paragraph explaining the list of popular phone models below."},
{"type": "header", "level": 2, "text": "Subheading: Popular Phone Models (H2)"},
{"type": "list", "items": ["iPhone 14 Pro Max", "Samsung Galaxy S23", "Google Pixel 8", "OnePlus 11", "Sony Xperia 1 V"]},
{"type": "link", "text": "Google", "url": "https://www.google.com"},
{"type": "link", "text": "Google Logo", "url": "https://upload.wikimedia.org/wikipedia/commons/2/2f/Google_2015_logo.svg"}

]
